id,Unnamed: 1,_id,__v,crime_type,crime_type_category
1.0,,,,,
,,67f3650356b1e991bd6b0a56,0.0,Vandalism,Property Crime
,,67f3650356b1e991bd6b0a57,0.0,Vandalism,Property Crime
,,67f3650356b1e991bd6b0a58,0.0,Theft,Property Crime
,,67f3650356b1e991bd6b0a59,0.0,Fraud,Property Crime
,,67f3650356b1e991bd6b0a5a,0.0,Fraud,Property Crime
,,67f3650356b1e991bd6b0a5b,0.0,Theft,Property Crime
,,67f3650356b1e991bd6b0a5c,0.0,Theft,Property Crime
,,67f3650356b1e991bd6b0a5d,0.0,Robbery,Property Crime
,,67f3650356b1e991bd6b0a5e,0.0,Drug-related,Violent Crime
,,67f3650356b1e991bd6b0a5f,0.0,Robbery,Property Crime
,,67f3650356b1e991bd6b0a60,0.0,Fraud,Property Crime
,,67f3650356b1e991bd6b0a61,0.0,Theft,Property Crime
,,67f3650356b1e991bd6b0a62,0.0,Vandalism,Property Crime
,,67f3650356b1e991bd6b0a63,0.0,Theft,Property Crime
,,67f3650356b1e991bd6b0a64,0.0,Assault,Violent Crime
,,67f3650356b1e991bd6b0a65,0.0,Vandalism,Property Crime
,,67f3650356b1e991bd6b0a66,0.0,Theft,Property Crime
,,67f3650356b1e991bd6b0a67,0.0,Drug-related,Violent Crime
,,67f3650356b1e991bd6b0a68,0.0,Vandalism,Property Crime
,,67f3650356b1e991bd6b0a69,0.0,Fraud,Property Crime
,,67f3650356b1e991bd6b0a6a,0.0,Fraud,Property Crime
,,67f3650356b1e991bd6b0a6b,0.0,Theft,Property Crime
,,67f3650356b1e991bd6b0a6c,0.0,Assault,Violent Crime
,,67f3650356b1e991bd6b0a6d,0.0,Drug-related,Violent Crime
,,67f3650356b1e991bd6b0a6e,0.0,Robbery,Property Crime
,,67f3650356b1e991bd6b0a6f,0.0,Robbery,Property Crime
,,67f3650356b1e991bd6b0a70,0.0,Vandalism,Property Crime
,,67f3650356b1e991bd6b0a71,0.0,Fraud,Property Crime
,,67f3650356b1e991bd6b0a72,0.0,Robbery,Property Crime
,,67f3650356b1e991bd6b0a73,0.0,Homicide,Violent Crime
,,67f3650356b1e991bd6b0a74,0.0,Fraud,Property Crime
,,67f3650356b1e991bd6b0a75,0.0,Robbery,Property Crime
,,67f3650356b1e991bd6b0a76,0.0,Robbery,Property Crime
,,67f3650356b1e991bd6b0a77,0.0,Assault,Violent Crime
,,67f3650356b1e991bd6b0a78,0.0,Theft,Property Crime
,,67f3650356b1e991bd6b0a79,0.0,Vandalism,Property Crime
,,67f3650356b1e991bd6b0a7a,0.0,Homicide,Violent Crime
,,67f3650356b1e991bd6b0a7b,0.0,Drug-related,Violent Crime
,,67f3650356b1e991bd6b0a7c,0.0,Robbery,Property Crime
,,67f3650356b1e991bd6b0a7d,0.0,Drug-related,Violent Crime
,,67f3650356b1e991bd6b0a7e,0.0,Theft,Property Crime
,,67f3650356b1e991bd6b0a7f,0.0,Theft,Property Crime
,,67f3650356b1e991bd6b0a80,0.0,Assault,Violent Crime
,,67f3650356b1e991bd6b0a81,0.0,Homicide,Violent Crime
,,67f3650356b1e991bd6b0a82,0.0,Drug-related,Violent Crime
,,67f3650356b1e991bd6b0a83,0.0,Fraud,Property Crime
,,67f3650356b1e991bd6b0a84,0.0,Robbery,Property Crime
,,67f3650356b1e991bd6b0a85,0.0,Robbery,Property Crime
,,67f3650356b1e991bd6b0a86,0.0,Homicide,Violent Crime
,,67f3650356b1e991bd6b0a87,0.0,Drug-related,Violent Crime
,,67f3650356b1e991bd6b0a88,0.0,Assault,Violent Crime
,,67f3650356b1e991bd6b0a89,0.0,Homicide,Violent Crime
,,67f3650356b1e991bd6b0a8a,0.0,Fraud,Property Crime
,,67f3650356b1e991bd6b0a8b,0.0,Drug-related,Violent Crime
,,67f3650356b1e991bd6b0a8c,0.0,Theft,Property Crime
,,67f3650356b1e991bd6b0a8d,0.0,Robbery,Property Crime
,,67f3650356b1e991bd6b0a8e,0.0,Drug-related,Violent Crime
,,67f3650356b1e991bd6b0a8f,0.0,Fraud,Property Crime
,,67f3650356b1e991bd6b0a90,0.0,Drug-related,Violent Crime
,,67f3650356b1e991bd6b0a91,0.0,Homicide,Violent Crime
,,67f3650356b1e991bd6b0a92,0.0,Fraud,Property Crime
,,67f3650356b1e991bd6b0a93,0.0,Assault,Violent Crime
,,67f3650356b1e991bd6b0a94,0.0,Assault,Violent Crime
,,67f3650356b1e991bd6b0a95,0.0,Fraud,Property Crime
,,67f3650356b1e991bd6b0a96,0.0,Theft,Property Crime
,,67f3650356b1e991bd6b0a97,0.0,Drug-related,Violent Crime
,,67f3650356b1e991bd6b0a98,0.0,Assault,Violent Crime
,,67f3650356b1e991bd6b0a99,0.0,Homicide,Violent Crime
,,67f3650356b1e991bd6b0a9a,0.0,Fraud,Property Crime
,,67f3650356b1e991bd6b0a9b,0.0,Robbery,Property Crime
,,67f3650356b1e991bd6b0a9c,0.0,Theft,Property Crime
,,67f3650356b1e991bd6b0a9d,0.0,Robbery,Property Crime
,,67f3650356b1e991bd6b0a9e,0.0,Drug-related,Violent Crime
,,67f3650356b1e991bd6b0a9f,0.0,Assault,Violent Crime
,,67f3650356b1e991bd6b0aa0,0.0,Homicide,Violent Crime
,,67f3650356b1e991bd6b0aa1,0.0,Drug-related,Violent Crime
,,67f3650356b1e991bd6b0aa2,0.0,Theft,Property Crime
,,67f3650356b1e991bd6b0aa3,0.0,Homicide,Violent Crime
,,67f3650356b1e991bd6b0aa4,0.0,Robbery,Property Crime
,,67f3650356b1e991bd6b0aa5,0.0,Assault,Violent Crime
,,67f3650356b1e991bd6b0aa6,0.0,Vandalism,Property Crime
,,67f3650356b1e991bd6b0aa7,0.0,Theft,Property Crime
,,67f3650356b1e991bd6b0aa8,0.0,Homicide,Violent Crime
,,67f3650356b1e991bd6b0aa9,0.0,Fraud,Property Crime
,,67f3650356b1e991bd6b0aaa,0.0,Vandalism,Property Crime
,,67f3650356b1e991bd6b0aab,0.0,Homicide,Violent Crime
,,67f3650356b1e991bd6b0aac,0.0,Drug-related,Violent Crime
,,67f3650356b1e991bd6b0aad,0.0,Assault,Violent Crime
,,67f3650356b1e991bd6b0aae,0.0,Drug-related,Violent Crime
,,67f3650356b1e991bd6b0aaf,0.0,Drug-related,Violent Crime
,,67f3650356b1e991bd6b0ab0,0.0,Assault,Violent Crime
,,67f3650356b1e991bd6b0ab1,0.0,Theft,Property Crime
,,67f3650356b1e991bd6b0ab2,0.0,Vandalism,Property Crime
,,67f3650356b1e991bd6b0ab3,0.0,Homicide,Violent Crime
,,67f3650356b1e991bd6b0ab4,0.0,Assault,Violent Crime
,,67f3650356b1e991bd6b0ab5,0.0,Fraud,Property Crime
,,67f3650356b1e991bd6b0ab6,0.0,Robbery,Property Crime
,,67f3650356b1e991bd6b0ab7,0.0,Assault,Violent Crime
,,67f3650356b1e991bd6b0ab8,0.0,Fraud,Property Crime
,,67f3650356b1e991bd6b0ab9,0.0,Homicide,Violent Crime
,,67f3650356b1e991bd6b0aba,0.0,Robbery,Property Crime
,,67f3650356b1e991bd6b0abb,0.0,Homicide,Violent Crime
,,67f3650356b1e991bd6b0abc,0.0,Vandalism,Property Crime
,,67f3650356b1e991bd6b0abd,0.0,Homicide,Violent Crime
,,67f3650356b1e991bd6b0abe,0.0,Homicide,Violent Crime
,,67f3650356b1e991bd6b0abf,0.0,Drug-related,Violent Crime
,,67f3650356b1e991bd6b0ac0,0.0,Assault,Violent Crime
,,67f3650356b1e991bd6b0ac1,0.0,Vandalism,Property Crime
,,67f3650356b1e991bd6b0ac2,0.0,Vandalism,Property Crime
,,67f3650356b1e991bd6b0ac3,0.0,Theft,Property Crime
,,67f3650356b1e991bd6b0ac4,0.0,Fraud,Property Crime
,,67f3650356b1e991bd6b0ac5,0.0,Fraud,Property Crime
,,67f3650356b1e991bd6b0ac6,0.0,Fraud,Property Crime
,,67f3650356b1e991bd6b0ac7,0.0,Vandalism,Property Crime
,,67f3650356b1e991bd6b0ac8,0.0,Drug-related,Violent Crime
,,67f3650356b1e991bd6b0ac9,0.0,Robbery,Property Crime
,,67f3650356b1e991bd6b0aca,0.0,Fraud,Property Crime
,,67f3650356b1e991bd6b0acb,0.0,Vandalism,Property Crime
,,67f3650356b1e991bd6b0acc,0.0,Theft,Property Crime
,,67f3650356b1e991bd6b0acd,0.0,Robbery,Property Crime
,,67f3650356b1e991bd6b0ace,0.0,Fraud,Property Crime
,,67f3650356b1e991bd6b0acf,0.0,Assault,Violent Crime
,,67f3650356b1e991bd6b0ad0,0.0,Fraud,Property Crime
,,67f3650356b1e991bd6b0ad1,0.0,Vandalism,Property Crime
,,67f3650356b1e991bd6b0ad2,0.0,Homicide,Violent Crime
,,67f3650356b1e991bd6b0ad3,0.0,Fraud,Property Crime
,,67f3650356b1e991bd6b0ad4,0.0,Drug-related,Violent Crime
,,67f3650356b1e991bd6b0ad5,0.0,Drug-related,Violent Crime
,,67f3650356b1e991bd6b0ad6,0.0,Fraud,Property Crime
,,67f3650356b1e991bd6b0ad7,0.0,Drug-related,Violent Crime
,,67f3650356b1e991bd6b0ad8,0.0,Assault,Violent Crime
,,67f3650356b1e991bd6b0ad9,0.0,Theft,Property Crime
,,67f3650356b1e991bd6b0ada,0.0,Vandalism,Property Crime
,,67f3650356b1e991bd6b0adb,0.0,Vandalism,Property Crime
,,67f3650356b1e991bd6b0adc,0.0,Homicide,Violent Crime
,,67f3650356b1e991bd6b0add,0.0,Robbery,Property Crime
,,67f3650356b1e991bd6b0ade,0.0,Homicide,Violent Crime
,,67f3650356b1e991bd6b0adf,0.0,Fraud,Property Crime
,,67f3650356b1e991bd6b0ae0,0.0,Homicide,Violent Crime
,,67f3650356b1e991bd6b0ae1,0.0,Robbery,Property Crime
,,67f3650356b1e991bd6b0ae2,0.0,Theft,Property Crime
,,67f3650356b1e991bd6b0ae3,0.0,Assault,Violent Crime
,,67f3650356b1e991bd6b0ae4,0.0,Homicide,Violent Crime
,,67f3650356b1e991bd6b0ae5,0.0,Vandalism,Property Crime
,,67f3650356b1e991bd6b0ae6,0.0,Fraud,Property Crime
,,67f3650356b1e991bd6b0ae7,0.0,Drug-related,Violent Crime
,,67f3650356b1e991bd6b0ae8,0.0,Drug-related,Violent Crime
,,67f3650356b1e991bd6b0ae9,0.0,Theft,Property Crime
,,67f3650356b1e991bd6b0aea,0.0,Drug-related,Violent Crime
,,67f3650356b1e991bd6b0aeb,0.0,Drug-related,Violent Crime
,,67f3650356b1e991bd6b0aec,0.0,Assault,Violent Crime
,,67f3650356b1e991bd6b0aed,0.0,Theft,Property Crime
,,67f3650356b1e991bd6b0aee,0.0,Vandalism,Property Crime
,,67f3650356b1e991bd6b0aef,0.0,Assault,Violent Crime
,,67f3650356b1e991bd6b0af0,0.0,Assault,Violent Crime
,,67f3650356b1e991bd6b0af1,0.0,Vandalism,Property Crime
,,67f3650356b1e991bd6b0af2,0.0,Robbery,Property Crime
,,67f3650356b1e991bd6b0af3,0.0,Homicide,Violent Crime
,,67f3650356b1e991bd6b0af4,0.0,Assault,Violent Crime
,,67f3650356b1e991bd6b0af5,0.0,Assault,Violent Crime
,,67f3650356b1e991bd6b0af6,0.0,Assault,Violent Crime
,,67f3650356b1e991bd6b0af7,0.0,Drug-related,Violent Crime
,,67f3650356b1e991bd6b0af8,0.0,Homicide,Violent Crime
,,67f3650356b1e991bd6b0af9,0.0,Theft,Property Crime
,,67f3650356b1e991bd6b0afa,0.0,Theft,Property Crime
,,67f3650356b1e991bd6b0afb,0.0,Theft,Property Crime
,,67f3650356b1e991bd6b0afc,0.0,Vandalism,Property Crime
,,67f3650356b1e991bd6b0afd,0.0,Fraud,Property Crime
,,67f3650356b1e991bd6b0afe,0.0,Fraud,Property Crime
,,67f3650356b1e991bd6b0aff,0.0,Robbery,Property Crime
,,67f3650356b1e991bd6b0b00,0.0,Homicide,Violent Crime
,,67f3650356b1e991bd6b0b01,0.0,Homicide,Violent Crime
,,67f3650356b1e991bd6b0b02,0.0,Drug-related,Violent Crime
,,67f3650356b1e991bd6b0b03,0.0,Fraud,Property Crime
,,67f3650356b1e991bd6b0b04,0.0,Theft,Property Crime
,,67f3650356b1e991bd6b0b05,0.0,Fraud,Property Crime
,,67f3650356b1e991bd6b0b06,0.0,Assault,Violent Crime
,,67f3650356b1e991bd6b0b07,0.0,Robbery,Property Crime
,,67f3650356b1e991bd6b0b08,0.0,Robbery,Property Crime
,,67f3650356b1e991bd6b0b09,0.0,Theft,Property Crime
,,67f3650356b1e991bd6b0b0a,0.0,Fraud,Property Crime
,,67f3650356b1e991bd6b0b0b,0.0,Drug-related,Violent Crime
,,67f3650356b1e991bd6b0b0c,0.0,Vandalism,Property Crime
,,67f3650356b1e991bd6b0b0d,0.0,Fraud,Property Crime
,,67f3650356b1e991bd6b0b0e,0.0,Theft,Property Crime
,,67f3650356b1e991bd6b0b0f,0.0,Robbery,Property Crime
,,67f3650356b1e991bd6b0b10,0.0,Homicide,Violent Crime
,,67f3650356b1e991bd6b0b11,0.0,Vandalism,Property Crime
,,67f3650356b1e991bd6b0b12,0.0,Fraud,Property Crime
,,67f3650356b1e991bd6b0b13,0.0,Homicide,Violent Crime
,,67f3650356b1e991bd6b0b14,0.0,Fraud,Property Crime
,,67f3650356b1e991bd6b0b15,0.0,Robbery,Property Crime
,,67f3650356b1e991bd6b0b16,0.0,Robbery,Property Crime
,,67f3650356b1e991bd6b0b17,0.0,Vandalism,Property Crime
,,67f3650356b1e991bd6b0b18,0.0,Robbery,Property Crime
,,67f3650356b1e991bd6b0b19,0.0,Fraud,Property Crime
,,67f3650356b1e991bd6b0b1a,0.0,Robbery,Property Crime
,,67f3650356b1e991bd6b0b1b,0.0,Robbery,Property Crime
,,67f3650356b1e991bd6b0b1c,0.0,Fraud,Property Crime
,,67f3650356b1e991bd6b0b1d,0.0,Vandalism,Property Crime
,,67f3650356b1e991bd6b0b1e,0.0,Fraud,Property Crime
,,67f3650356b1e991bd6b0b1f,0.0,Robbery,Property Crime
,,67f3650356b1e991bd6b0b20,0.0,Homicide,Violent Crime
,,67f3650356b1e991bd6b0b21,0.0,Fraud,Property Crime
,,67f3650356b1e991bd6b0b22,0.0,Theft,Property Crime
,,67f3650356b1e991bd6b0b23,0.0,Drug-related,Violent Crime
,,67f3650356b1e991bd6b0b24,0.0,Vandalism,Property Crime
,,67f3650356b1e991bd6b0b25,0.0,Robbery,Property Crime
,,67f3650356b1e991bd6b0b26,0.0,Vandalism,Property Crime
,,67f3650356b1e991bd6b0b27,0.0,Fraud,Property Crime
,,67f3650356b1e991bd6b0b28,0.0,Fraud,Property Crime
,,67f3650356b1e991bd6b0b29,0.0,Drug-related,Violent Crime
,,67f3650356b1e991bd6b0b2a,0.0,Theft,Property Crime
,,67f3650356b1e991bd6b0b2b,0.0,Vandalism,Property Crime
,,67f3650356b1e991bd6b0b2c,0.0,Homicide,Violent Crime
,,67f3650356b1e991bd6b0b2d,0.0,Vandalism,Property Crime
,,67f3650356b1e991bd6b0b2e,0.0,Fraud,Property Crime
,,67f3650356b1e991bd6b0b2f,0.0,Robbery,Property Crime
,,67f3650356b1e991bd6b0b30,0.0,Vandalism,Property Crime
,,67f3650356b1e991bd6b0b31,0.0,Theft,Property Crime
,,67f3650356b1e991bd6b0b32,0.0,Assault,Violent Crime
,,67f3650356b1e991bd6b0b33,0.0,Homicide,Violent Crime
,,67f3650356b1e991bd6b0b34,0.0,Fraud,Property Crime
,,67f3650356b1e991bd6b0b35,0.0,Assault,Violent Crime
,,67f3650356b1e991bd6b0b36,0.0,Drug-related,Violent Crime
,,67f3650356b1e991bd6b0b37,0.0,Vandalism,Property Crime
,,67f3650356b1e991bd6b0b38,0.0,Theft,Property Crime
,,67f3650356b1e991bd6b0b39,0.0,Robbery,Property Crime
,,67f3650356b1e991bd6b0b3a,0.0,Fraud,Property Crime
,,67f3650356b1e991bd6b0b3b,0.0,Vandalism,Property Crime
,,67f3650356b1e991bd6b0b3c,0.0,Fraud,Property Crime
,,67f3650356b1e991bd6b0b3d,0.0,Robbery,Property Crime
,,67f3650356b1e991bd6b0b3e,0.0,Drug-related,Violent Crime
,,67f3650356b1e991bd6b0b3f,0.0,Drug-related,Violent Crime
,,67f3650356b1e991bd6b0b40,0.0,Fraud,Property Crime
,,67f3650356b1e991bd6b0b41,0.0,Robbery,Property Crime
,,67f3650356b1e991bd6b0b42,0.0,Vandalism,Property Crime
,,67f3650356b1e991bd6b0b43,0.0,Vandalism,Property Crime
,,67f3650356b1e991bd6b0b44,0.0,Homicide,Violent Crime
,,67f3650356b1e991bd6b0b45,0.0,Homicide,Violent Crime
,,67f3650356b1e991bd6b0b46,0.0,Drug-related,Violent Crime
,,67f3650356b1e991bd6b0b47,0.0,Assault,Violent Crime
,,67f3650356b1e991bd6b0b48,0.0,Robbery,Property Crime
,,67f3650356b1e991bd6b0b49,0.0,Homicide,Violent Crime
,,67f3650356b1e991bd6b0b4a,0.0,Robbery,Property Crime
,,67f3650356b1e991bd6b0b4b,0.0,Homicide,Violent Crime
,,67f3650356b1e991bd6b0b4c,0.0,Drug-related,Violent Crime
,,67f3650356b1e991bd6b0b4d,0.0,Homicide,Violent Crime
,,67f3650356b1e991bd6b0b4e,0.0,Robbery,Property Crime
,,67f3650356b1e991bd6b0b4f,0.0,Robbery,Property Crime
,,67f3650356b1e991bd6b0b50,0.0,Assault,Violent Crime
,,67f3650356b1e991bd6b0b51,0.0,Fraud,Property Crime
,,67f3650356b1e991bd6b0b52,0.0,Vandalism,Property Crime
,,67f3650356b1e991bd6b0b53,0.0,Homicide,Violent Crime
,,67f3650356b1e991bd6b0b54,0.0,Assault,Violent Crime
,,67f3650356b1e991bd6b0b55,0.0,Homicide,Violent Crime
,,67f3650356b1e991bd6b0b56,0.0,Assault,Violent Crime
,,67f3650356b1e991bd6b0b57,0.0,Fraud,Property Crime
,,67f3650356b1e991bd6b0b58,0.0,Homicide,Violent Crime
,,67f3650356b1e991bd6b0b59,0.0,Homicide,Violent Crime
,,67f3650356b1e991bd6b0b5a,0.0,Robbery,Property Crime
,,67f3650356b1e991bd6b0b5b,0.0,Homicide,Violent Crime
,,67f3650356b1e991bd6b0b5c,0.0,Fraud,Property Crime
,,67f3650356b1e991bd6b0b5d,0.0,Theft,Property Crime
,,67f3650356b1e991bd6b0b5e,0.0,Vandalism,Property Crime
,,67f3650356b1e991bd6b0b5f,0.0,Vandalism,Property Crime
,,67f3650356b1e991bd6b0b60,0.0,Fraud,Property Crime
,,67f3650356b1e991bd6b0b61,0.0,Fraud,Property Crime
,,67f3650356b1e991bd6b0b62,0.0,Homicide,Violent Crime
,,67f3650356b1e991bd6b0b63,0.0,Robbery,Property Crime
,,67f3650356b1e991bd6b0b64,0.0,Fraud,Property Crime
,,67f3650356b1e991bd6b0b65,0.0,Fraud,Property Crime
,,67f3650356b1e991bd6b0b66,0.0,Homicide,Violent Crime
,,67f3650356b1e991bd6b0b67,0.0,Fraud,Property Crime
,,67f3650356b1e991bd6b0b68,0.0,Assault,Violent Crime
,,67f3650356b1e991bd6b0b69,0.0,Robbery,Property Crime
,,67f3650356b1e991bd6b0b6a,0.0,Assault,Violent Crime
,,67f3650356b1e991bd6b0b6b,0.0,Robbery,Property Crime
,,67f3650356b1e991bd6b0b6c,0.0,Vandalism,Property Crime
,,67f3650356b1e991bd6b0b6d,0.0,Vandalism,Property Crime
,,67f3650356b1e991bd6b0b6e,0.0,Theft,Property Crime
,,67f3650356b1e991bd6b0b6f,0.0,Assault,Violent Crime
,,67f3650356b1e991bd6b0b70,0.0,Drug-related,Violent Crime
,,67f3650356b1e991bd6b0b71,0.0,Fraud,Property Crime
,,67f3650356b1e991bd6b0b72,0.0,Homicide,Violent Crime
,,67f3650356b1e991bd6b0b73,0.0,Fraud,Property Crime
,,67f3650356b1e991bd6b0b74,0.0,Vandalism,Property Crime
,,67f3650356b1e991bd6b0b75,0.0,Drug-related,Violent Crime
,,67f3650356b1e991bd6b0b76,0.0,Fraud,Property Crime
,,67f3650356b1e991bd6b0b77,0.0,Drug-related,Violent Crime
,,67f3650356b1e991bd6b0b78,0.0,Homicide,Violent Crime
,,67f3650356b1e991bd6b0b79,0.0,Assault,Violent Crime
,,67f3650356b1e991bd6b0b7a,0.0,Homicide,Violent Crime
,,67f3650356b1e991bd6b0b7b,0.0,Robbery,Property Crime
,,67f3650356b1e991bd6b0b7c,0.0,Drug-related,Violent Crime
,,67f3650356b1e991bd6b0b7d,0.0,Drug-related,Violent Crime
,,67f3650356b1e991bd6b0b7e,0.0,Homicide,Violent Crime
,,67f3650356b1e991bd6b0b7f,0.0,Fraud,Property Crime
,,67f3650356b1e991bd6b0b80,0.0,Drug-related,Violent Crime
,,67f3650356b1e991bd6b0b81,0.0,Homicide,Violent Crime
,,67f3650356b1e991bd6b0b82,0.0,Homicide,Violent Crime
,,67f3650356b1e991bd6b0b83,0.0,Drug-related,Violent Crime
,,67f3650356b1e991bd6b0b84,0.0,Assault,Violent Crime
,,67f3650356b1e991bd6b0b85,0.0,Homicide,Violent Crime
,,67f3650356b1e991bd6b0b86,0.0,Robbery,Property Crime
,,67f3650356b1e991bd6b0b87,0.0,Assault,Violent Crime
,,67f3650356b1e991bd6b0b88,0.0,Homicide,Violent Crime
,,67f3650356b1e991bd6b0b89,0.0,Theft,Property Crime
,,67f3650356b1e991bd6b0b8a,0.0,Assault,Violent Crime
,,67f3650356b1e991bd6b0b8b,0.0,Fraud,Property Crime
,,67f3650356b1e991bd6b0b8c,0.0,Vandalism,Property Crime
,,67f3650356b1e991bd6b0b8d,0.0,Robbery,Property Crime
,,67f3650356b1e991bd6b0b8e,0.0,Drug-related,Violent Crime
,,67f3650356b1e991bd6b0b8f,0.0,Fraud,Property Crime
,,67f3650356b1e991bd6b0b90,0.0,Assault,Violent Crime
,,67f3650356b1e991bd6b0b91,0.0,Assault,Violent Crime
,,67f3650356b1e991bd6b0b92,0.0,Robbery,Property Crime
,,67f3650356b1e991bd6b0b93,0.0,Homicide,Violent Crime
,,67f3650356b1e991bd6b0b94,0.0,Fraud,Property Crime
,,67f3650356b1e991bd6b0b95,0.0,Vandalism,Property Crime
,,67f3650356b1e991bd6b0b96,0.0,Robbery,Property Crime
,,67f3650356b1e991bd6b0b97,0.0,Robbery,Property Crime
,,67f3650356b1e991bd6b0b98,0.0,Drug-related,Violent Crime
,,67f3650356b1e991bd6b0b99,0.0,Fraud,Property Crime
,,67f3650356b1e991bd6b0b9a,0.0,Vandalism,Property Crime
,,67f3650356b1e991bd6b0b9b,0.0,Assault,Violent Crime
,,67f3650356b1e991bd6b0b9c,0.0,Robbery,Property Crime
,,67f3650356b1e991bd6b0b9d,0.0,Fraud,Property Crime
,,67f3650356b1e991bd6b0b9e,0.0,Robbery,Property Crime
,,67f3650356b1e991bd6b0b9f,0.0,Vandalism,Property Crime
,,67f3650356b1e991bd6b0ba0,0.0,Drug-related,Violent Crime
,,67f3650356b1e991bd6b0ba1,0.0,Fraud,Property Crime
,,67f3650356b1e991bd6b0ba2,0.0,Homicide,Violent Crime
,,67f3650356b1e991bd6b0ba3,0.0,Assault,Violent Crime
,,67f3650356b1e991bd6b0ba4,0.0,Drug-related,Violent Crime
,,67f3650356b1e991bd6b0ba5,0.0,Homicide,Violent Crime
,,67f3650356b1e991bd6b0ba6,0.0,Homicide,Violent Crime
,,67f3650356b1e991bd6b0ba7,0.0,Drug-related,Violent Crime
,,67f3650356b1e991bd6b0ba8,0.0,Fraud,Property Crime
,,67f3650356b1e991bd6b0ba9,0.0,Assault,Violent Crime
,,67f3650356b1e991bd6b0baa,0.0,Fraud,Property Crime
,,67f3650356b1e991bd6b0bab,0.0,Fraud,Property Crime
,,67f3650356b1e991bd6b0bac,0.0,Assault,Violent Crime
,,67f3650356b1e991bd6b0bad,0.0,Robbery,Property Crime
,,67f3650356b1e991bd6b0bae,0.0,Drug-related,Violent Crime
,,67f3650356b1e991bd6b0baf,0.0,Homicide,Violent Crime
,,67f3650356b1e991bd6b0bb0,0.0,Vandalism,Property Crime
,,67f3650356b1e991bd6b0bb1,0.0,Fraud,Property Crime
,,67f3650356b1e991bd6b0bb2,0.0,Theft,Property Crime
,,67f3650356b1e991bd6b0bb3,0.0,Homicide,Violent Crime
,,67f3650356b1e991bd6b0bb4,0.0,Assault,Violent Crime
,,67f3650356b1e991bd6b0bb5,0.0,Theft,Property Crime
,,67f3650356b1e991bd6b0bb6,0.0,Robbery,Property Crime
,,67f3650356b1e991bd6b0bb7,0.0,Theft,Property Crime
,,67f3650356b1e991bd6b0bb8,0.0,Homicide,Violent Crime
,,67f3650356b1e991bd6b0bb9,0.0,Assault,Violent Crime
,,67f3650356b1e991bd6b0bba,0.0,Homicide,Violent Crime
,,67f3650356b1e991bd6b0bbb,0.0,Drug-related,Violent Crime
,,67f3650356b1e991bd6b0bbc,0.0,Drug-related,Violent Crime
,,67f3650356b1e991bd6b0bbd,0.0,Vandalism,Property Crime
,,67f3650356b1e991bd6b0bbe,0.0,Drug-related,Violent Crime
,,67f3650356b1e991bd6b0bbf,0.0,Drug-related,Violent Crime
,,67f3650356b1e991bd6b0bc0,0.0,Homicide,Violent Crime
,,67f3650356b1e991bd6b0bc1,0.0,Theft,Property Crime
,,67f3650356b1e991bd6b0bc2,0.0,Assault,Violent Crime
,,67f3650356b1e991bd6b0bc3,0.0,Fraud,Property Crime
,,67f3650356b1e991bd6b0bc4,0.0,Robbery,Property Crime
,,67f3650356b1e991bd6b0bc5,0.0,Robbery,Property Crime
,,67f3650356b1e991bd6b0bc6,0.0,Robbery,Property Crime
,,67f3650356b1e991bd6b0bc7,0.0,Assault,Violent Crime
,,67f3650356b1e991bd6b0bc8,0.0,Robbery,Property Crime
,,67f3650356b1e991bd6b0bc9,0.0,Theft,Property Crime
,,67f3650356b1e991bd6b0bca,0.0,Drug-related,Violent Crime
,,67f3650356b1e991bd6b0bcb,0.0,Robbery,Property Crime
,,67f3650356b1e991bd6b0bcc,0.0,Assault,Violent Crime
,,67f3650356b1e991bd6b0bcd,0.0,Vandalism,Property Crime
,,67f3650356b1e991bd6b0bce,0.0,Fraud,Property Crime
,,67f3650356b1e991bd6b0bcf,0.0,Fraud,Property Crime
,,67f3650356b1e991bd6b0bd0,0.0,Drug-related,Violent Crime
,,67f3650356b1e991bd6b0bd1,0.0,Theft,Property Crime
,,67f3650356b1e991bd6b0bd2,0.0,Drug-related,Violent Crime
,,67f3650356b1e991bd6b0bd3,0.0,Fraud,Property Crime
,,67f3650356b1e991bd6b0bd4,0.0,Vandalism,Property Crime
,,67f3650356b1e991bd6b0bd5,0.0,Drug-related,Violent Crime
,,67f3650356b1e991bd6b0bd6,0.0,Homicide,Violent Crime
,,67f3650356b1e991bd6b0bd7,0.0,Vandalism,Property Crime
,,67f3650356b1e991bd6b0bd8,0.0,Assault,Violent Crime
,,67f3650356b1e991bd6b0bd9,0.0,Fraud,Property Crime
,,67f3650356b1e991bd6b0bda,0.0,Robbery,Property Crime
,,67f3650356b1e991bd6b0bdb,0.0,Assault,Violent Crime
,,67f3650356b1e991bd6b0bdc,0.0,Drug-related,Violent Crime
,,67f3650356b1e991bd6b0bdd,0.0,Fraud,Property Crime
,,67f3650356b1e991bd6b0bde,0.0,Robbery,Property Crime
,,67f3650356b1e991bd6b0bdf,0.0,Fraud,Property Crime
,,67f3650356b1e991bd6b0be0,0.0,Assault,Violent Crime
,,67f3650356b1e991bd6b0be1,0.0,Fraud,Property Crime
,,67f3650356b1e991bd6b0be2,0.0,Fraud,Property Crime
,,67f3650356b1e991bd6b0be3,0.0,Homicide,Violent Crime
,,67f3650356b1e991bd6b0be4,0.0,Vandalism,Property Crime
,,67f3650356b1e991bd6b0be5,0.0,Theft,Property Crime
,,67f3650356b1e991bd6b0be6,0.0,Drug-related,Violent Crime
,,67f3650356b1e991bd6b0be7,0.0,Vandalism,Property Crime
,,67f3650356b1e991bd6b0be8,0.0,Homicide,Violent Crime
,,67f3650356b1e991bd6b0be9,0.0,Drug-related,Violent Crime
,,67f3650356b1e991bd6b0bea,0.0,Robbery,Property Crime
,,67f3650356b1e991bd6b0beb,0.0,Drug-related,Violent Crime
,,67f3650356b1e991bd6b0bec,0.0,Vandalism,Property Crime
,,67f3650356b1e991bd6b0bed,0.0,Vandalism,Property Crime
,,67f3650356b1e991bd6b0bee,0.0,Fraud,Property Crime
,,67f3650356b1e991bd6b0bef,0.0,Robbery,Property Crime
,,67f3650356b1e991bd6b0bf0,0.0,Assault,Violent Crime
,,67f3650356b1e991bd6b0bf1,0.0,Assault,Violent Crime
,,67f3650356b1e991bd6b0bf2,0.0,Vandalism,Property Crime
,,67f3650356b1e991bd6b0bf3,0.0,Assault,Violent Crime
,,67f3650356b1e991bd6b0bf4,0.0,Drug-related,Violent Crime
,,67f3650356b1e991bd6b0bf5,0.0,Robbery,Property Crime
,,67f3650356b1e991bd6b0bf6,0.0,Assault,Violent Crime
,,67f3650356b1e991bd6b0bf7,0.0,Drug-related,Violent Crime
,,67f3650356b1e991bd6b0bf8,0.0,Theft,Property Crime
,,67f3650356b1e991bd6b0bf9,0.0,Drug-related,Violent Crime
,,67f3650356b1e991bd6b0bfa,0.0,Fraud,Property Crime
,,67f3650356b1e991bd6b0bfb,0.0,Assault,Violent Crime
,,67f3650356b1e991bd6b0bfc,0.0,Homicide,Violent Crime
,,67f3650356b1e991bd6b0bfd,0.0,Assault,Violent Crime
,,67f3650356b1e991bd6b0bfe,0.0,Homicide,Violent Crime
,,67f3650356b1e991bd6b0bff,0.0,Fraud,Property Crime
,,67f3650356b1e991bd6b0c00,0.0,Robbery,Property Crime
,,67f3650356b1e991bd6b0c01,0.0,Assault,Violent Crime
,,67f3650356b1e991bd6b0c02,0.0,Vandalism,Property Crime
,,67f3650356b1e991bd6b0c03,0.0,Assault,Violent Crime
,,67f3650356b1e991bd6b0c04,0.0,Robbery,Property Crime
,,67f3650356b1e991bd6b0c05,0.0,Fraud,Property Crime
,,67f3650356b1e991bd6b0c06,0.0,Theft,Property Crime
,,67f3650356b1e991bd6b0c07,0.0,Robbery,Property Crime
,,67f3650356b1e991bd6b0c08,0.0,Fraud,Property Crime
,,67f3650356b1e991bd6b0c09,0.0,Vandalism,Property Crime
,,67f3650356b1e991bd6b0c0a,0.0,Fraud,Property Crime
,,67f3650356b1e991bd6b0c0b,0.0,Fraud,Property Crime
,,67f3650356b1e991bd6b0c0c,0.0,Robbery,Property Crime
,,67f3650356b1e991bd6b0c0d,0.0,Homicide,Violent Crime
,,67f3650356b1e991bd6b0c0e,0.0,Vandalism,Property Crime
,,67f3650356b1e991bd6b0c0f,0.0,Fraud,Property Crime
,,67f3650356b1e991bd6b0c10,0.0,Homicide,Violent Crime
,,67f3650356b1e991bd6b0c11,0.0,Vandalism,Property Crime
,,67f3650356b1e991bd6b0c12,0.0,Fraud,Property Crime
,,67f3650356b1e991bd6b0c13,0.0,Theft,Property Crime
,,67f3650356b1e991bd6b0c14,0.0,Robbery,Property Crime
,,67f3650356b1e991bd6b0c15,0.0,Theft,Property Crime
,,67f3650356b1e991bd6b0c16,0.0,Homicide,Violent Crime
,,67f3650356b1e991bd6b0c17,0.0,Vandalism,Property Crime
,,67f3650356b1e991bd6b0c18,0.0,Fraud,Property Crime
,,67f3650356b1e991bd6b0c19,0.0,Theft,Property Crime
,,67f3650356b1e991bd6b0c1a,0.0,Fraud,Property Crime
,,67f3650356b1e991bd6b0c1b,0.0,Theft,Property Crime
,,67f3650356b1e991bd6b0c1c,0.0,Drug-related,Violent Crime
,,67f3650356b1e991bd6b0c1d,0.0,Vandalism,Property Crime
,,67f3650356b1e991bd6b0c1e,0.0,Drug-related,Violent Crime
,,67f3650356b1e991bd6b0c1f,0.0,Robbery,Property Crime
,,67f3650356b1e991bd6b0c20,0.0,Drug-related,Violent Crime
,,67f3650356b1e991bd6b0c21,0.0,Homicide,Violent Crime
,,67f3650356b1e991bd6b0c22,0.0,Homicide,Violent Crime
,,67f3650356b1e991bd6b0c23,0.0,Vandalism,Property Crime
,,67f3650356b1e991bd6b0c24,0.0,Assault,Violent Crime
,,67f3650356b1e991bd6b0c25,0.0,Vandalism,Property Crime
,,67f3650356b1e991bd6b0c26,0.0,Theft,Property Crime
,,67f3650356b1e991bd6b0c27,0.0,Vandalism,Property Crime
,,67f3650356b1e991bd6b0c28,0.0,Vandalism,Property Crime
,,67f3650356b1e991bd6b0c29,0.0,Vandalism,Property Crime
,,67f3650356b1e991bd6b0c2a,0.0,Theft,Property Crime
,,67f3650356b1e991bd6b0c2b,0.0,Drug-related,Violent Crime
,,67f3650356b1e991bd6b0c2c,0.0,Fraud,Property Crime
,,67f3650356b1e991bd6b0c2d,0.0,Theft,Property Crime
,,67f3650356b1e991bd6b0c2e,0.0,Robbery,Property Crime
,,67f3650356b1e991bd6b0c2f,0.0,Homicide,Violent Crime
,,67f3650356b1e991bd6b0c30,0.0,Robbery,Property Crime
,,67f3650356b1e991bd6b0c31,0.0,Homicide,Violent Crime
,,67f3650356b1e991bd6b0c32,0.0,Fraud,Property Crime
,,67f3650356b1e991bd6b0c33,0.0,Robbery,Property Crime
,,67f3650356b1e991bd6b0c34,0.0,Drug-related,Violent Crime
,,67f3650356b1e991bd6b0c35,0.0,Assault,Violent Crime
,,67f3650356b1e991bd6b0c36,0.0,Robbery,Property Crime
,,67f3650356b1e991bd6b0c37,0.0,Assault,Violent Crime
,,67f3650356b1e991bd6b0c38,0.0,Theft,Property Crime
,,67f3650356b1e991bd6b0c39,0.0,Assault,Violent Crime
,,67f3650356b1e991bd6b0c3a,0.0,Fraud,Property Crime
,,67f3650356b1e991bd6b0c3b,0.0,Robbery,Property Crime
,,67f3650356b1e991bd6b0c3c,0.0,Robbery,Property Crime
,,67f3650356b1e991bd6b0c3d,0.0,Robbery,Property Crime
,,67f3650356b1e991bd6b0c3e,0.0,Theft,Property Crime
,,67f3650356b1e991bd6b0c3f,0.0,Assault,Violent Crime
,,67f3650356b1e991bd6b0c40,0.0,Theft,Property Crime
,,67f3650356b1e991bd6b0c41,0.0,Theft,Property Crime
,,67f3650356b1e991bd6b0c42,0.0,Drug-related,Violent Crime
,,67f3650356b1e991bd6b0c43,0.0,Robbery,Property Crime
,,67f3650356b1e991bd6b0c44,0.0,Drug-related,Violent Crime
,,67f3650356b1e991bd6b0c45,0.0,Fraud,Property Crime
,,67f3650356b1e991bd6b0c46,0.0,Assault,Violent Crime
,,67f3650356b1e991bd6b0c47,0.0,Theft,Property Crime
,,67f3650356b1e991bd6b0c48,0.0,Robbery,Property Crime
,,67f3650356b1e991bd6b0c49,0.0,Homicide,Violent Crime
,,67f3650356b1e991bd6b0c4a,0.0,Vandalism,Property Crime
,,67f3650356b1e991bd6b0c4b,0.0,Vandalism,Property Crime
,,67f3650356b1e991bd6b0c4c,0.0,Robbery,Property Crime
,,67f3650356b1e991bd6b0c4d,0.0,Fraud,Property Crime
,,67f3650356b1e991bd6b0c4e,0.0,Homicide,Violent Crime
,,67f3650356b1e991bd6b0c4f,0.0,Assault,Violent Crime
,,67f3650356b1e991bd6b0c50,0.0,Theft,Property Crime
,,67f3650356b1e991bd6b0c51,0.0,Vandalism,Property Crime
,,67f3650356b1e991bd6b0c52,0.0,Robbery,Property Crime
,,67f3650356b1e991bd6b0c53,0.0,Drug-related,Violent Crime
,,67f3650356b1e991bd6b0c54,0.0,Homicide,Violent Crime
,,67f3650356b1e991bd6b0c55,0.0,Robbery,Property Crime
,,67f3650356b1e991bd6b0c56,0.0,Fraud,Property Crime
,,67f3650356b1e991bd6b0c57,0.0,Theft,Property Crime
,,67f3650356b1e991bd6b0c58,0.0,Assault,Violent Crime
,,67f3650356b1e991bd6b0c59,0.0,Homicide,Violent Crime
,,67f3650356b1e991bd6b0c5a,0.0,Assault,Violent Crime
,,67f3650356b1e991bd6b0c5b,0.0,Homicide,Violent Crime
,,67f3650356b1e991bd6b0c5c,0.0,Drug-related,Violent Crime
,,67f3650356b1e991bd6b0c5d,0.0,Homicide,Violent Crime
,,67f3650356b1e991bd6b0c5e,0.0,Vandalism,Property Crime
,,67f3650356b1e991bd6b0c5f,0.0,Vandalism,Property Crime
,,67f3650356b1e991bd6b0c60,0.0,Vandalism,Property Crime
,,67f3650356b1e991bd6b0c61,0.0,Robbery,Property Crime
,,67f3650356b1e991bd6b0c62,0.0,Vandalism,Property Crime
,,67f3650356b1e991bd6b0c63,0.0,Drug-related,Violent Crime
,,67f3650356b1e991bd6b0c64,0.0,Assault,Violent Crime
,,67f3650356b1e991bd6b0c65,0.0,Drug-related,Violent Crime
,,67f3650356b1e991bd6b0c66,0.0,Homicide,Violent Crime
,,67f3650356b1e991bd6b0c67,0.0,Robbery,Property Crime
,,67f3650356b1e991bd6b0c68,0.0,Fraud,Property Crime
,,67f3650356b1e991bd6b0c69,0.0,Robbery,Property Crime
,,67f3650356b1e991bd6b0c6a,0.0,Homicide,Violent Crime
,,67f3650356b1e991bd6b0c6b,0.0,Fraud,Property Crime
,,67f3650356b1e991bd6b0c6c,0.0,Vandalism,Property Crime
,,67f3650356b1e991bd6b0c6d,0.0,Fraud,Property Crime
,,67f3650356b1e991bd6b0c6e,0.0,Homicide,Violent Crime
,,67f3650356b1e991bd6b0c6f,0.0,Assault,Violent Crime
,,67f3650356b1e991bd6b0c70,0.0,Assault,Violent Crime
,,67f3650356b1e991bd6b0c71,0.0,Drug-related,Violent Crime
,,67f3650356b1e991bd6b0c72,0.0,Homicide,Violent Crime
,,67f3650356b1e991bd6b0c73,0.0,Theft,Property Crime
,,67f3650356b1e991bd6b0c74,0.0,Drug-related,Violent Crime
,,67f3650356b1e991bd6b0c75,0.0,Drug-related,Violent Crime
,,67f3650356b1e991bd6b0c76,0.0,Theft,Property Crime
,,67f3650356b1e991bd6b0c77,0.0,Homicide,Violent Crime
,,67f3650356b1e991bd6b0c78,0.0,Homicide,Violent Crime
,,67f3650356b1e991bd6b0c79,0.0,Vandalism,Property Crime
,,67f3650356b1e991bd6b0c7a,0.0,Robbery,Property Crime
,,67f3650356b1e991bd6b0c7b,0.0,Fraud,Property Crime
,,67f3650356b1e991bd6b0c7c,0.0,Vandalism,Property Crime
,,67f3650356b1e991bd6b0c7d,0.0,Fraud,Property Crime
,,67f3650356b1e991bd6b0c7e,0.0,Homicide,Violent Crime
,,67f3650356b1e991bd6b0c7f,0.0,Homicide,Violent Crime
,,67f3650356b1e991bd6b0c80,0.0,Fraud,Property Crime
,,67f3650356b1e991bd6b0c81,0.0,Homicide,Violent Crime
,,67f3650356b1e991bd6b0c82,0.0,Robbery,Property Crime
,,67f3650356b1e991bd6b0c83,0.0,Vandalism,Property Crime
,,67f3650356b1e991bd6b0c84,0.0,Fraud,Property Crime
,,67f3650356b1e991bd6b0c85,0.0,Drug-related,Violent Crime
,,67f3650356b1e991bd6b0c86,0.0,Drug-related,Violent Crime
,,67f3650356b1e991bd6b0c87,0.0,Robbery,Property Crime
,,67f3650356b1e991bd6b0c88,0.0,Robbery,Property Crime
,,67f3650356b1e991bd6b0c89,0.0,Assault,Violent Crime
,,67f3650356b1e991bd6b0c8a,0.0,Robbery,Property Crime
,,67f3650356b1e991bd6b0c8b,0.0,Fraud,Property Crime
,,67f3650356b1e991bd6b0c8c,0.0,Homicide,Violent Crime
,,67f3650356b1e991bd6b0c8d,0.0,Vandalism,Property Crime
,,67f3650356b1e991bd6b0c8e,0.0,Theft,Property Crime
,,67f3650356b1e991bd6b0c8f,0.0,Drug-related,Violent Crime
,,67f3650356b1e991bd6b0c90,0.0,Theft,Property Crime
,,67f3650356b1e991bd6b0c91,0.0,Homicide,Violent Crime
,,67f3650356b1e991bd6b0c92,0.0,Fraud,Property Crime
,,67f3650356b1e991bd6b0c93,0.0,Drug-related,Violent Crime
,,67f3650356b1e991bd6b0c94,0.0,Robbery,Property Crime
,,67f3650356b1e991bd6b0c95,0.0,Robbery,Property Crime
,,67f3650356b1e991bd6b0c96,0.0,Homicide,Violent Crime
,,67f3650356b1e991bd6b0c97,0.0,Drug-related,Violent Crime
,,67f3650356b1e991bd6b0c98,0.0,Vandalism,Property Crime
,,67f3650356b1e991bd6b0c99,0.0,Robbery,Property Crime
,,67f3650356b1e991bd6b0c9a,0.0,Assault,Violent Crime
,,67f3650356b1e991bd6b0c9b,0.0,Vandalism,Property Crime
,,67f3650356b1e991bd6b0c9c,0.0,Homicide,Violent Crime
,,67f3650356b1e991bd6b0c9d,0.0,Homicide,Violent Crime
,,67f3650356b1e991bd6b0c9e,0.0,Homicide,Violent Crime
,,67f3650356b1e991bd6b0c9f,0.0,Robbery,Property Crime
,,67f3650356b1e991bd6b0ca0,0.0,Theft,Property Crime
,,67f3650356b1e991bd6b0ca1,0.0,Theft,Property Crime
,,67f3650356b1e991bd6b0ca2,0.0,Theft,Property Crime
,,67f3650356b1e991bd6b0ca3,0.0,Fraud,Property Crime
,,67f3650356b1e991bd6b0ca4,0.0,Homicide,Violent Crime
,,67f3650356b1e991bd6b0ca5,0.0,Vandalism,Property Crime
,,67f3650356b1e991bd6b0ca6,0.0,Drug-related,Violent Crime
,,67f3650356b1e991bd6b0ca7,0.0,Vandalism,Property Crime
,,67f3650356b1e991bd6b0ca8,0.0,Drug-related,Violent Crime
,,67f3650356b1e991bd6b0ca9,0.0,Theft,Property Crime
,,67f3650356b1e991bd6b0caa,0.0,Homicide,Violent Crime
,,67f3650356b1e991bd6b0cab,0.0,Robbery,Property Crime
,,67f3650356b1e991bd6b0cac,0.0,Assault,Violent Crime
,,67f3650356b1e991bd6b0cad,0.0,Drug-related,Violent Crime
,,67f3650356b1e991bd6b0cae,0.0,Theft,Property Crime
,,67f3650356b1e991bd6b0caf,0.0,Fraud,Property Crime
,,67f3650356b1e991bd6b0cb0,0.0,Assault,Violent Crime
,,67f3650356b1e991bd6b0cb1,0.0,Homicide,Violent Crime
,,67f3650356b1e991bd6b0cb2,0.0,Fraud,Property Crime
,,67f3650356b1e991bd6b0cb3,0.0,Vandalism,Property Crime
,,67f3650356b1e991bd6b0cb4,0.0,Fraud,Property Crime
,,67f3650356b1e991bd6b0cb5,0.0,Robbery,Property Crime
,,67f3650356b1e991bd6b0cb6,0.0,Vandalism,Property Crime
,,67f3650356b1e991bd6b0cb7,0.0,Drug-related,Violent Crime
,,67f3650356b1e991bd6b0cb8,0.0,Vandalism,Property Crime
,,67f3650356b1e991bd6b0cb9,0.0,Vandalism,Property Crime
,,67f3650356b1e991bd6b0cba,0.0,Fraud,Property Crime
,,67f3650356b1e991bd6b0cbb,0.0,Fraud,Property Crime
,,67f3650356b1e991bd6b0cbc,0.0,Homicide,Violent Crime
,,67f3650356b1e991bd6b0cbd,0.0,Homicide,Violent Crime
,,67f3650356b1e991bd6b0cbe,0.0,Theft,Property Crime
,,67f3650356b1e991bd6b0cbf,0.0,Assault,Violent Crime
,,67f3650356b1e991bd6b0cc0,0.0,Homicide,Violent Crime
,,67f3650356b1e991bd6b0cc1,0.0,Theft,Property Crime
,,67f3650356b1e991bd6b0cc2,0.0,Assault,Violent Crime
,,67f3650356b1e991bd6b0cc3,0.0,Drug-related,Violent Crime
,,67f3650356b1e991bd6b0cc4,0.0,Robbery,Property Crime
,,67f3650356b1e991bd6b0cc5,0.0,Robbery,Property Crime
,,67f3650356b1e991bd6b0cc6,0.0,Drug-related,Violent Crime
,,67f3650356b1e991bd6b0cc7,0.0,Theft,Property Crime
,,67f3650356b1e991bd6b0cc8,0.0,Fraud,Property Crime
,,67f3650356b1e991bd6b0cc9,0.0,Robbery,Property Crime
,,67f3650356b1e991bd6b0cca,0.0,Drug-related,Violent Crime
,,67f3650356b1e991bd6b0ccb,0.0,Vandalism,Property Crime
,,67f3650356b1e991bd6b0ccc,0.0,Drug-related,Violent Crime
,,67f3650356b1e991bd6b0ccd,0.0,Vandalism,Property Crime
,,67f3650356b1e991bd6b0cce,0.0,Robbery,Property Crime
,,67f3650356b1e991bd6b0ccf,0.0,Drug-related,Violent Crime
,,67f3650356b1e991bd6b0cd0,0.0,Assault,Violent Crime
,,67f3650356b1e991bd6b0cd1,0.0,Assault,Violent Crime
,,67f3650356b1e991bd6b0cd2,0.0,Drug-related,Violent Crime
,,67f3650356b1e991bd6b0cd3,0.0,Fraud,Property Crime
,,67f3650356b1e991bd6b0cd4,0.0,Homicide,Violent Crime
,,67f3650356b1e991bd6b0cd5,0.0,Homicide,Violent Crime
,,67f3650356b1e991bd6b0cd6,0.0,Assault,Violent Crime
,,67f3650356b1e991bd6b0cd7,0.0,Homicide,Violent Crime
,,67f3650356b1e991bd6b0cd8,0.0,Vandalism,Property Crime
,,67f3650356b1e991bd6b0cd9,0.0,Drug-related,Violent Crime
,,67f3650356b1e991bd6b0cda,0.0,Robbery,Property Crime
,,67f3650356b1e991bd6b0cdb,0.0,Robbery,Property Crime
,,67f3650356b1e991bd6b0cdc,0.0,Drug-related,Violent Crime
,,67f3650356b1e991bd6b0cdd,0.0,Vandalism,Property Crime
,,67f3650356b1e991bd6b0cde,0.0,Assault,Violent Crime
,,67f3650356b1e991bd6b0cdf,0.0,Assault,Violent Crime
,,67f3650356b1e991bd6b0ce0,0.0,Drug-related,Violent Crime
,,67f3650356b1e991bd6b0ce1,0.0,Drug-related,Violent Crime
,,67f3650356b1e991bd6b0ce2,0.0,Drug-related,Violent Crime
,,67f3650356b1e991bd6b0ce3,0.0,Fraud,Property Crime
,,67f3650356b1e991bd6b0ce4,0.0,Vandalism,Property Crime
,,67f3650356b1e991bd6b0ce5,0.0,Robbery,Property Crime
,,67f3650356b1e991bd6b0ce6,0.0,Homicide,Violent Crime
,,67f3650356b1e991bd6b0ce7,0.0,Vandalism,Property Crime
,,67f3650356b1e991bd6b0ce8,0.0,Robbery,Property Crime
,,67f3650356b1e991bd6b0ce9,0.0,Fraud,Property Crime
,,67f3650356b1e991bd6b0cea,0.0,Fraud,Property Crime
,,67f3650356b1e991bd6b0ceb,0.0,Homicide,Violent Crime
,,67f3650356b1e991bd6b0cec,0.0,Fraud,Property Crime
,,67f3650356b1e991bd6b0ced,0.0,Fraud,Property Crime
,,67f3650356b1e991bd6b0cee,0.0,Fraud,Property Crime
,,67f3650356b1e991bd6b0cef,0.0,Assault,Violent Crime
,,67f3650356b1e991bd6b0cf0,0.0,Vandalism,Property Crime
,,67f3650356b1e991bd6b0cf1,0.0,Robbery,Property Crime
,,67f3650356b1e991bd6b0cf2,0.0,Theft,Property Crime
,,67f3650356b1e991bd6b0cf3,0.0,Fraud,Property Crime
,,67f3650356b1e991bd6b0cf4,0.0,Fraud,Property Crime
,,67f3650356b1e991bd6b0cf5,0.0,Assault,Violent Crime
,,67f3650356b1e991bd6b0cf6,0.0,Homicide,Violent Crime
,,67f3650356b1e991bd6b0cf7,0.0,Drug-related,Violent Crime
,,67f3650356b1e991bd6b0cf8,0.0,Robbery,Property Crime
,,67f3650356b1e991bd6b0cf9,0.0,Vandalism,Property Crime
,,67f3650356b1e991bd6b0cfa,0.0,Robbery,Property Crime
,,67f3650356b1e991bd6b0cfb,0.0,Homicide,Violent Crime
,,67f3650356b1e991bd6b0cfc,0.0,Drug-related,Violent Crime
,,67f3650356b1e991bd6b0cfd,0.0,Fraud,Property Crime
,,67f3650356b1e991bd6b0cfe,0.0,Robbery,Property Crime
,,67f3650356b1e991bd6b0cff,0.0,Homicide,Violent Crime
,,67f3650356b1e991bd6b0d00,0.0,Assault,Violent Crime
,,67f3650356b1e991bd6b0d01,0.0,Robbery,Property Crime
,,67f3650356b1e991bd6b0d02,0.0,Robbery,Property Crime
,,67f3650356b1e991bd6b0d03,0.0,Homicide,Violent Crime
,,67f3650356b1e991bd6b0d04,0.0,Theft,Property Crime
,,67f3650356b1e991bd6b0d05,0.0,Robbery,Property Crime
,,67f3650356b1e991bd6b0d06,0.0,Robbery,Property Crime
,,67f3650356b1e991bd6b0d07,0.0,Fraud,Property Crime
,,67f3650356b1e991bd6b0d08,0.0,Homicide,Violent Crime
,,67f3650356b1e991bd6b0d09,0.0,Fraud,Property Crime
,,67f3650356b1e991bd6b0d0a,0.0,Theft,Property Crime
,,67f3650356b1e991bd6b0d0b,0.0,Assault,Violent Crime
,,67f3650356b1e991bd6b0d0c,0.0,Vandalism,Property Crime
,,67f3650356b1e991bd6b0d0d,0.0,Vandalism,Property Crime
,,67f3650356b1e991bd6b0d0e,0.0,Homicide,Violent Crime
,,67f3650356b1e991bd6b0d0f,0.0,Homicide,Violent Crime
,,67f3650356b1e991bd6b0d10,0.0,Drug-related,Violent Crime
,,67f3650356b1e991bd6b0d11,0.0,Robbery,Property Crime
,,67f3650356b1e991bd6b0d12,0.0,Drug-related,Violent Crime
,,67f3650356b1e991bd6b0d13,0.0,Assault,Violent Crime
,,67f3650356b1e991bd6b0d14,0.0,Robbery,Property Crime
,,67f3650356b1e991bd6b0d15,0.0,Assault,Violent Crime
,,67f3650356b1e991bd6b0d16,0.0,Drug-related,Violent Crime
,,67f3650356b1e991bd6b0d17,0.0,Fraud,Property Crime
,,67f3650356b1e991bd6b0d18,0.0,Fraud,Property Crime
,,67f3650356b1e991bd6b0d19,0.0,Robbery,Property Crime
,,67f3650356b1e991bd6b0d1a,0.0,Homicide,Violent Crime
,,67f3650356b1e991bd6b0d1b,0.0,Robbery,Property Crime
,,67f3650356b1e991bd6b0d1c,0.0,Fraud,Property Crime
,,67f3650356b1e991bd6b0d1d,0.0,Fraud,Property Crime
,,67f3650356b1e991bd6b0d1e,0.0,Homicide,Violent Crime
,,67f3650356b1e991bd6b0d1f,0.0,Fraud,Property Crime
,,67f3650356b1e991bd6b0d20,0.0,Vandalism,Property Crime
,,67f3650356b1e991bd6b0d21,0.0,Fraud,Property Crime
,,67f3650356b1e991bd6b0d22,0.0,Theft,Property Crime
,,67f3650356b1e991bd6b0d23,0.0,Vandalism,Property Crime
,,67f3650356b1e991bd6b0d24,0.0,Drug-related,Violent Crime
,,67f3650356b1e991bd6b0d25,0.0,Fraud,Property Crime
,,67f3650356b1e991bd6b0d26,0.0,Homicide,Violent Crime
,,67f3650356b1e991bd6b0d27,0.0,Vandalism,Property Crime
,,67f3650356b1e991bd6b0d28,0.0,Drug-related,Violent Crime
,,67f3650356b1e991bd6b0d29,0.0,Theft,Property Crime
,,67f3650356b1e991bd6b0d2a,0.0,Homicide,Violent Crime
,,67f3650356b1e991bd6b0d2b,0.0,Fraud,Property Crime
,,67f3650356b1e991bd6b0d2c,0.0,Drug-related,Violent Crime
,,67f3650356b1e991bd6b0d2d,0.0,Vandalism,Property Crime
,,67f3650356b1e991bd6b0d2e,0.0,Assault,Violent Crime
,,67f3650356b1e991bd6b0d2f,0.0,Fraud,Property Crime
,,67f3650356b1e991bd6b0d30,0.0,Assault,Violent Crime
,,67f3650356b1e991bd6b0d31,0.0,Vandalism,Property Crime
,,67f3650356b1e991bd6b0d32,0.0,Theft,Property Crime
,,67f3650356b1e991bd6b0d33,0.0,Robbery,Property Crime
,,67f3650356b1e991bd6b0d34,0.0,Theft,Property Crime
,,67f3650356b1e991bd6b0d35,0.0,Theft,Property Crime
,,67f3650356b1e991bd6b0d36,0.0,Homicide,Violent Crime
,,67f3650356b1e991bd6b0d37,0.0,Robbery,Property Crime
,,67f3650356b1e991bd6b0d38,0.0,Homicide,Violent Crime
,,67f3650356b1e991bd6b0d39,0.0,Theft,Property Crime
,,67f3650356b1e991bd6b0d3a,0.0,Assault,Violent Crime
,,67f3650356b1e991bd6b0d3b,0.0,Robbery,Property Crime
,,67f3650356b1e991bd6b0d3c,0.0,Fraud,Property Crime
,,67f3650356b1e991bd6b0d3d,0.0,Homicide,Violent Crime
,,67f3650356b1e991bd6b0d3e,0.0,Homicide,Violent Crime
,,67f3650356b1e991bd6b0d3f,0.0,Drug-related,Violent Crime
,,67f3650356b1e991bd6b0d40,0.0,Theft,Property Crime
,,67f3650356b1e991bd6b0d41,0.0,Fraud,Property Crime
,,67f3650356b1e991bd6b0d42,0.0,Homicide,Violent Crime
,,67f3650356b1e991bd6b0d43,0.0,Assault,Violent Crime
,,67f3650356b1e991bd6b0d44,0.0,Vandalism,Property Crime
,,67f3650356b1e991bd6b0d45,0.0,Assault,Violent Crime
,,67f3650356b1e991bd6b0d46,0.0,Assault,Violent Crime
,,67f3650356b1e991bd6b0d47,0.0,Assault,Violent Crime
,,67f3650356b1e991bd6b0d48,0.0,Assault,Violent Crime
,,67f3650356b1e991bd6b0d49,0.0,Assault,Violent Crime
,,67f3650356b1e991bd6b0d4a,0.0,Vandalism,Property Crime
,,67f3650356b1e991bd6b0d4b,0.0,Homicide,Violent Crime
,,67f3650356b1e991bd6b0d4c,0.0,Robbery,Property Crime
,,67f3650356b1e991bd6b0d4d,0.0,Assault,Violent Crime
,,67f3650356b1e991bd6b0d4e,0.0,Theft,Property Crime
,,67f3650356b1e991bd6b0d4f,0.0,Robbery,Property Crime
,,67f3650356b1e991bd6b0d50,0.0,Drug-related,Violent Crime
,,67f3650356b1e991bd6b0d51,0.0,Fraud,Property Crime
,,67f3650356b1e991bd6b0d52,0.0,Homicide,Violent Crime
,,67f3650356b1e991bd6b0d53,0.0,Vandalism,Property Crime
,,67f3650356b1e991bd6b0d54,0.0,Theft,Property Crime
,,67f3650356b1e991bd6b0d55,0.0,Fraud,Property Crime
,,67f3650356b1e991bd6b0d56,0.0,Drug-related,Violent Crime
,,67f3650356b1e991bd6b0d57,0.0,Homicide,Violent Crime
,,67f3650356b1e991bd6b0d58,0.0,Robbery,Property Crime
,,67f3650356b1e991bd6b0d59,0.0,Drug-related,Violent Crime
,,67f3650356b1e991bd6b0d5a,0.0,Robbery,Property Crime
,,67f3650356b1e991bd6b0d5b,0.0,Assault,Violent Crime
,,67f3650356b1e991bd6b0d5c,0.0,Drug-related,Violent Crime
,,67f3650356b1e991bd6b0d5d,0.0,Robbery,Property Crime
,,67f3650356b1e991bd6b0d5e,0.0,Assault,Violent Crime
,,67f3650356b1e991bd6b0d5f,0.0,Robbery,Property Crime
,,67f3650356b1e991bd6b0d60,0.0,Homicide,Violent Crime
,,67f3650356b1e991bd6b0d61,0.0,Vandalism,Property Crime
,,67f3650356b1e991bd6b0d62,0.0,Homicide,Violent Crime
,,67f3650356b1e991bd6b0d63,0.0,Drug-related,Violent Crime
,,67f3650356b1e991bd6b0d64,0.0,Fraud,Property Crime
,,67f3650356b1e991bd6b0d65,0.0,Assault,Violent Crime
,,67f3650356b1e991bd6b0d66,0.0,Homicide,Violent Crime
,,67f3650356b1e991bd6b0d67,0.0,Theft,Property Crime
,,67f3650356b1e991bd6b0d68,0.0,Assault,Violent Crime
,,67f3650356b1e991bd6b0d69,0.0,Vandalism,Property Crime
,,67f3650356b1e991bd6b0d6a,0.0,Robbery,Property Crime
,,67f3650356b1e991bd6b0d6b,0.0,Homicide,Violent Crime
,,67f3650356b1e991bd6b0d6c,0.0,Drug-related,Violent Crime
,,67f3650356b1e991bd6b0d6d,0.0,Fraud,Property Crime
,,67f3650356b1e991bd6b0d6e,0.0,Robbery,Property Crime
,,67f3650356b1e991bd6b0d6f,0.0,Vandalism,Property Crime
,,67f3650356b1e991bd6b0d70,0.0,Assault,Violent Crime
,,67f3650356b1e991bd6b0d71,0.0,Assault,Violent Crime
,,67f3650356b1e991bd6b0d72,0.0,Robbery,Property Crime
,,67f3650356b1e991bd6b0d73,0.0,Robbery,Property Crime
,,67f3650356b1e991bd6b0d74,0.0,Robbery,Property Crime
,,67f3650356b1e991bd6b0d75,0.0,Homicide,Violent Crime
,,67f3650356b1e991bd6b0d76,0.0,Theft,Property Crime
,,67f3650356b1e991bd6b0d77,0.0,Theft,Property Crime
,,67f3650356b1e991bd6b0d78,0.0,Homicide,Violent Crime
,,67f3650356b1e991bd6b0d79,0.0,Robbery,Property Crime
,,67f3650356b1e991bd6b0d7a,0.0,Drug-related,Violent Crime
,,67f3650356b1e991bd6b0d7b,0.0,Robbery,Property Crime
,,67f3650356b1e991bd6b0d7c,0.0,Homicide,Violent Crime
,,67f3650356b1e991bd6b0d7d,0.0,Vandalism,Property Crime
,,67f3650356b1e991bd6b0d7e,0.0,Robbery,Property Crime
,,67f3650356b1e991bd6b0d7f,0.0,Fraud,Property Crime
,,67f3650356b1e991bd6b0d80,0.0,Homicide,Violent Crime
,,67f3650356b1e991bd6b0d81,0.0,Theft,Property Crime
,,67f3650356b1e991bd6b0d82,0.0,Vandalism,Property Crime
,,67f3650356b1e991bd6b0d83,0.0,Fraud,Property Crime
,,67f3650356b1e991bd6b0d84,0.0,Theft,Property Crime
,,67f3650356b1e991bd6b0d85,0.0,Fraud,Property Crime
,,67f3650356b1e991bd6b0d86,0.0,Theft,Property Crime
,,67f3650356b1e991bd6b0d87,0.0,Homicide,Violent Crime
,,67f3650356b1e991bd6b0d88,0.0,Drug-related,Violent Crime
,,67f3650356b1e991bd6b0d89,0.0,Homicide,Violent Crime
,,67f3650356b1e991bd6b0d8a,0.0,Fraud,Property Crime
,,67f3650356b1e991bd6b0d8b,0.0,Theft,Property Crime
,,67f3650356b1e991bd6b0d8c,0.0,Homicide,Violent Crime
,,67f3650356b1e991bd6b0d8d,0.0,Homicide,Violent Crime
,,67f3650356b1e991bd6b0d8e,0.0,Theft,Property Crime
,,67f3650356b1e991bd6b0d8f,0.0,Assault,Violent Crime
,,67f3650356b1e991bd6b0d90,0.0,Homicide,Violent Crime
,,67f3650356b1e991bd6b0d91,0.0,Assault,Violent Crime
,,67f3650356b1e991bd6b0d92,0.0,Fraud,Property Crime
,,67f3650356b1e991bd6b0d93,0.0,Vandalism,Property Crime
,,67f3650356b1e991bd6b0d94,0.0,Assault,Violent Crime
,,67f3650356b1e991bd6b0d95,0.0,Drug-related,Violent Crime
,,67f3650356b1e991bd6b0d96,0.0,Homicide,Violent Crime
,,67f3650356b1e991bd6b0d97,0.0,Drug-related,Violent Crime
,,67f3650356b1e991bd6b0d98,0.0,Vandalism,Property Crime
,,67f3650356b1e991bd6b0d99,0.0,Homicide,Violent Crime
,,67f3650356b1e991bd6b0d9a,0.0,Homicide,Violent Crime
,,67f3650356b1e991bd6b0d9b,0.0,Vandalism,Property Crime
,,67f3650356b1e991bd6b0d9c,0.0,Robbery,Property Crime
,,67f3650356b1e991bd6b0d9d,0.0,Robbery,Property Crime
,,67f3650356b1e991bd6b0d9e,0.0,Vandalism,Property Crime
,,67f3650356b1e991bd6b0d9f,0.0,Drug-related,Violent Crime
,,67f3650356b1e991bd6b0da0,0.0,Drug-related,Violent Crime
,,67f3650356b1e991bd6b0da1,0.0,Fraud,Property Crime
,,67f3650356b1e991bd6b0da2,0.0,Assault,Violent Crime
,,67f3650356b1e991bd6b0da3,0.0,Drug-related,Violent Crime
,,67f3650356b1e991bd6b0da4,0.0,Theft,Property Crime
,,67f3650356b1e991bd6b0da5,0.0,Drug-related,Violent Crime
,,67f3650356b1e991bd6b0da6,0.0,Fraud,Property Crime
,,67f3650356b1e991bd6b0da7,0.0,Fraud,Property Crime
,,67f3650356b1e991bd6b0da8,0.0,Assault,Violent Crime
,,67f3650356b1e991bd6b0da9,0.0,Robbery,Property Crime
,,67f3650356b1e991bd6b0daa,0.0,Fraud,Property Crime
,,67f3650356b1e991bd6b0dab,0.0,Vandalism,Property Crime
,,67f3650356b1e991bd6b0dac,0.0,Theft,Property Crime
,,67f3650356b1e991bd6b0dad,0.0,Vandalism,Property Crime
,,67f3650356b1e991bd6b0dae,0.0,Fraud,Property Crime
,,67f3650356b1e991bd6b0daf,0.0,Assault,Violent Crime
,,67f3650356b1e991bd6b0db0,0.0,Assault,Violent Crime
,,67f3650356b1e991bd6b0db1,0.0,Assault,Violent Crime
,,67f3650356b1e991bd6b0db2,0.0,Drug-related,Violent Crime
,,67f3650356b1e991bd6b0db3,0.0,Theft,Property Crime
,,67f3650356b1e991bd6b0db4,0.0,Theft,Property Crime
,,67f3650356b1e991bd6b0db5,0.0,Robbery,Property Crime
,,67f3650356b1e991bd6b0db6,0.0,Fraud,Property Crime
,,67f3650356b1e991bd6b0db7,0.0,Homicide,Violent Crime
,,67f3650356b1e991bd6b0db8,0.0,Homicide,Violent Crime
,,67f3650356b1e991bd6b0db9,0.0,Fraud,Property Crime
,,67f3650356b1e991bd6b0dba,0.0,Robbery,Property Crime
,,67f3650356b1e991bd6b0dbb,0.0,Vandalism,Property Crime
,,67f3650356b1e991bd6b0dbc,0.0,Drug-related,Violent Crime
,,67f3650356b1e991bd6b0dbd,0.0,Assault,Violent Crime
,,67f3650356b1e991bd6b0dbe,0.0,Fraud,Property Crime
,,67f3650356b1e991bd6b0dbf,0.0,Homicide,Violent Crime
,,67f3650356b1e991bd6b0dc0,0.0,Homicide,Violent Crime
,,67f3650356b1e991bd6b0dc1,0.0,Vandalism,Property Crime
,,67f3650356b1e991bd6b0dc2,0.0,Homicide,Violent Crime
,,67f3650356b1e991bd6b0dc3,0.0,Assault,Violent Crime
,,67f3650356b1e991bd6b0dc4,0.0,Theft,Property Crime
,,67f3650356b1e991bd6b0dc5,0.0,Assault,Violent Crime
,,67f3650356b1e991bd6b0dc6,0.0,Homicide,Violent Crime
,,67f3650356b1e991bd6b0dc7,0.0,Fraud,Property Crime
,,67f3650356b1e991bd6b0dc8,0.0,Drug-related,Violent Crime
,,67f3650356b1e991bd6b0dc9,0.0,Assault,Violent Crime
,,67f3650356b1e991bd6b0dca,0.0,Fraud,Property Crime
,,67f3650356b1e991bd6b0dcb,0.0,Vandalism,Property Crime
,,67f3650356b1e991bd6b0dcc,0.0,Fraud,Property Crime
,,67f3650356b1e991bd6b0dcd,0.0,Theft,Property Crime
,,67f3650356b1e991bd6b0dce,0.0,Drug-related,Violent Crime
,,67f3650356b1e991bd6b0dcf,0.0,Vandalism,Property Crime
,,67f3650356b1e991bd6b0dd0,0.0,Drug-related,Violent Crime
,,67f3650356b1e991bd6b0dd1,0.0,Assault,Violent Crime
,,67f3650356b1e991bd6b0dd2,0.0,Homicide,Violent Crime
,,67f3650356b1e991bd6b0dd3,0.0,Assault,Violent Crime
,,67f3650356b1e991bd6b0dd4,0.0,Robbery,Property Crime
,,67f3650356b1e991bd6b0dd5,0.0,Robbery,Property Crime
,,67f3650356b1e991bd6b0dd6,0.0,Drug-related,Violent Crime
,,67f3650356b1e991bd6b0dd7,0.0,Drug-related,Violent Crime
,,67f3650356b1e991bd6b0dd8,0.0,Robbery,Property Crime
,,67f3650356b1e991bd6b0dd9,0.0,Robbery,Property Crime
,,67f3650356b1e991bd6b0dda,0.0,Theft,Property Crime
,,67f3650356b1e991bd6b0ddb,0.0,Drug-related,Violent Crime
,,6806e92a2719cb896093e798,0.0,Gambling,Property Crime
,,6806f95fcd2a9d929dd8c0e4,0.0,Rape,Violent Crime
